yearly_agency_id,agency_id,data_year,ori,legacy_ori,covered_by_legacy_ori,direct_contributor_flag,dormant_flag,dormant_year,reporting_type,ucr_agency_name,ncic_agency_name,pub_agency_name,pub_agency_unit,agency_status,state_id,state_name,state_abbr,state_postal_abbr,division_code,division_name,region_code,region_name,region_desc,agency_type_name,population,submitting_agency_id,sai,submitting_agency_name,suburban_area_flag,population_group_id,population_group_code,population_group_desc,parent_pop_group_code,parent_pop_group_desc,mip_flag,pop_sort_order,summary_rape_def,pe_reported_flag,male_officer,male_civilian,male_officer+male_civilian,female_officer,female_civilian,female_officer+female_civilian,officer_rate,employee_rate,nibrs_cert_date,nibrs_start_date,nibrs_leoka_start_date,nibrs_ct_start_date,nibrs_multi_bias_start_date,nibrs_off_eth_start_date,covered_flag,county_name,msa_name,publishable_flag,participated,nibrs_participated
71362022,7136,2022,LA0010000,LA0010000,,N,N,,I,ACADIA,ACADIA CO SO CROWLEY,Acadia,,A,22,Louisiana,LA,LA,7,West South Central,3,South,Region III,County,33913,23370,LAUCR0001,Louisiana Commission on Law Enforcement LUCR/LIBRS/LEMIS,Y,20,9B,"MSA counties from 25,000 thru 99,999",9,MSA Counties,N,20,,Y,55,10,65,11,26,37,1.9,3.0,2002-01-01,2006-09-01,2006-09-01,2021-03-01,2021-03-01,2021-03-01,N,ACADIA,"Lafayette, LA",Y,Y,Y
71382022,7138,2022,LA0010200,LA0010200,,N,N,,I,RAYNE,RAYNE PD,Rayne,,A,22,Louisiana,LA,LA,7,West South Central,3,South,Region III,City,7100,23370,LAUCR0001,Louisiana Commission on Law Enforcement LUCR/LIBRS/LEMIS,Y,10,6,"Cities from 2,500 thru 9,999",6,"Cities from 2,500 thru 9,999",N,10,,Y,19,0,19,2,3,5,3.0,3.4,2002-01-01,2020-09-01,2020-09-01,2021-09-01,2021-09-01,2021-09-01,N,ACADIA,"Lafayette, LA",Y,Y,Y
71392022,7139,2022,LA0010300,LA0010300,,N,N,,I,CHURCH POINT,CHURCH POINT PD,Church Point,,A,22,Louisiana,LA,LA,7,West South Central,3,South,Region III,City,4106,23370,LAUCR0001,Louisiana Commission on Law Enforcement LUCR/LIBRS/LEMIS,Y,10,6,"Cities from 2,500 thru 9,999",6,"Cities from 2,500 thru 9,999",N,10,,Y,7,0,7,7,0,7,3.4,3.4,2002-01-01,2020-04-01,2020-04-01,2020-06-01,2020-06-01,2020-06-01,N,ACADIA,"Lafayette, LA",Y,Y,Y
71422022,7142,2022,LA0020000,LA0020000,,N,N,,I,ALLEN,ALLEN CO SO OBERLIN,Allen,,A,22,Louisiana,LA,LA,7,West South Central,3,South,Region III,County,12273,23370,LAUCR0001,Louisiana Commission on Law Enforcement LUCR/LIBRS/LEMIS,N,15,8C,"Non-MSA counties from 10,000 thru 24,999",8,Non-MSA Counties,N,15,,Y,24,51,75,2,47,49,2.1,10.1,2002-01-01,2021-09-01,2021-12-01,2021-12-01,2021-12-01,2021-12-01,N,ALLEN,Not Specified,Y,Y,Y
71462022,7146,2022,LA0030000,LA0030000,,N,N,,I,ASCENSION,ASCENSION CO SO DONALDSONVILLE,Ascension,,A,22,Louisiana,LA,LA,7,West South Central,3,South,Region III,County,116677,23370,LAUCR0001,Louisiana Commission on Law Enforcement LUCR/LIBRS/LEMIS,Y,19,9A,"MSA counties 100,000 or over",9,MSA Counties,Y,19,,Y,201,28,229,20,90,110,1.9,2.9,2002-01-01,2003-01-01,2003-01-01,2019-01-01,2019-01-01,2019-01-01,N,ASCENSION,"Baton Rouge, LA",Y,Y,Y
71482022,7148,2022,LA0030200,LA0030200,,N,N,,I,GONZALES,GONZALES PD,Gonzales,,A,22,Louisiana,LA,LA,7,West South Central,3,South,Region III,City,12869,23370,LAUCR0001,Louisiana Commission on Law Enforcement LUCR/LIBRS/LEMIS,Y,9,5,"Cities from 10,000 thru 24,999",5,"Cities from 10,000 thru 24,999",N,9,,Y,39,0,39,3,5,8,3.3,3.7,2002-01-01,2011-01-01,2011-01-01,2019-01-01,2019-01-01,2019-01-01,N,ASCENSION,"Baton Rouge, LA",Y,Y,Y
71542022,7154,2022,LA0050200,LA0050200,,N,N,,I,MARKSVILLE,MARKSVILLE PD,Marksville,,A,22,Louisiana,LA,LA,7,West South Central,3,South,Region III,City,4843,23370,LAUCR0001,Louisiana Commission on Law Enforcement LUCR/LIBRS/LEMIS,N,10,6,"Cities from 2,500 thru 9,999",6,"Cities from 2,500 thru 9,999",N,10,,Y,11,1,12,2,5,7,2.7,3.9,2002-01-01,2020-12-01,2021-01-01,2021-01-01,2021-01-01,2021-01-01,N,AVOYELLES,Not Specified,Y,Y,Y
71582022,7158,2022,LA0060000,LA0060000,,N,N,,I,BEAUREGARD,BEAUREGARD CO SO DE RIDDER,Beauregard,,A,22,Louisiana,LA,LA,7,West South Central,3,South,Region III,County,26344,23370,LAUCR0001,Louisiana Commission on Law Enforcement LUCR/LIBRS/LEMIS,N,14,8B,"Non-MSA counties from 25,000 thru 99,999",8,Non-MSA Counties,N,14,,Y,85,32,117,21,6,27,4.0,5.5,2002-01-01,2021-01-01,2021-01-01,2021-01-01,2021-01-01,2021-01-01,N,BEAUREGARD,Not Specified,Y,Y,Y
71592022,7159,2022,LA0060100,LA0060100,,N,N,,I,DE RIDDER,DE RIDDER PD,De Ridder,,A,22,Louisiana,LA,LA,7,West South Central,3,South,Region III,City,9674,23370,LAUCR0001,Louisiana Commission on Law Enforcement LUCR/LIBRS/LEMIS,N,10,6,"Cities from 2,500 thru 9,999",6,"Cities from 2,500 thru 9,999",N,10,,Y,25,0,25,3,5,8,2.9,3.4,2002-01-01,2021-01-01,2021-01-01,2021-01-01,2021-01-01,2021-01-01,N,"BEAUREGARD, VERNON",Not Specified,Y,Y,Y
71612022,7161,2022,LA0070000,LA0070000,,N,N,,I,BIENVILLE,BIENVILLE CO SO ARCADIA,Bienville,,A,22,Louisiana,LA,LA,7,West South Central,3,South,Region III,County,11302,23370,LAUCR0001,Louisiana Commission on Law Enforcement LUCR/LIBRS/LEMIS,N,15,8C,"Non-MSA counties from 10,000 thru 24,999",8,Non-MSA Counties,N,15,,Y,33,10,43,3,19,22,3.2,5.8,2002-01-01,2020-01-01,2020-01-01,2020-08-01,2020-08-01,2020-08-01,N,BIENVILLE,Not Specified,Y,Y,Y
71652022,7165,2022,LA0080000,LA0080000,,N,N,,I,BOSSIER,BOSSIER CO SO BENTON,Bossier,,A,22,Louisiana,LA,LA,7,West South Central,3,South,Region III,County,56113,23370,LAUCR0001,Louisiana Commission on Law Enforcement LUCR/LIBRS/LEMIS,Y,20,9B,"MSA counties from 25,000 thru 99,999",9,MSA Counties,N,20,,Y,266,35,301,38,50,88,5.4,6.9,2002-01-01,2004-01-01,2004-01-01,2019-01-01,2019-01-01,2019-01-01,N,BOSSIER,"Shreveport-Bossier City, LA",Y,Y,Y
71662022,7166,2022,LA0080100,LA0080100,,N,N,,I,BOSSIER CITY,BOSSIER CITY PD,Bossier City,,A,22,Louisiana,LA,LA,7,West South Central,3,South,Region III,City,63078,23370,LAUCR0001,Louisiana Commission on Law Enforcement LUCR/LIBRS/LEMIS,N,7,3,"Cities from 50,000 thru 99,999",3,"Cities from 50,000 thru 99,999",N,7,,Y,137,3,140,20,33,53,2.5,3.1,2002-01-01,2019-10-01,2019-10-01,2020-07-01,2020-07-01,2020-07-01,N,BOSSIER,"Shreveport-Bossier City, LA",Y,Y,Y
71672022,7167,2022,LA0080400,LA0080400,,N,N,,I,HAUGHTON,HAUGHTON PD,Haughton,,A,22,Louisiana,LA,LA,7,West South Central,3,South,Region III,City,4457,23370,LAUCR0001,Louisiana Commission on Law Enforcement LUCR/LIBRS/LEMIS,Y,10,6,"Cities from 2,500 thru 9,999",6,"Cities from 2,500 thru 9,999",N,10,,Y,13,0,13,0,1,1,2.9,3.1,2002-01-01,2022-01-01,2022-01-01,2022-01-01,2022-01-01,2022-01-01,N,BOSSIER,"Shreveport-Bossier City, LA",Y,Y,Y
71682022,7168,2022,LA0080500,LA0080500,,N,N,,I,"LA ST U: HSC, SHREVEPORT",LA STATE UNIV MED CTR PD SHREVEPORT,Louisiana State University:,"Health Sciences Center, Shreveport",A,22,Louisiana,LA,LA,7,West South Central,3,South,Region III,University or College,0,23370,LAUCR0001,Louisiana Commission on Law Enforcement LUCR/LIBRS/LEMIS,Y,11,7,"Cities under 2,500",7,"Cities under 2,500",N,11,,N,,,,,,,0,0,2002-01-01,2020-06-01,2020-06-01,2020-07-01,2020-07-01,2020-07-01,N,BOSSIER,"Shreveport-Bossier City, LA",Y,Y,Y
71692022,7169,2022,LA0080600,LA0080600,,N,N,,I,LA ST UNIV: SHREVEPORT,LA STATE UNIV PD SHREVEPORT,Louisiana State University:,Shreveport,A,22,Louisiana,LA,LA,7,West South Central,3,South,Region III,University or College,0,23370,LAUCR0001,Louisiana Commission on Law Enforcement LUCR/LIBRS/LEMIS,Y,11,7,"Cities under 2,500",7,"Cities under 2,500",N,11,,Y,7,0,7,0,0,0,0,0,2002-01-01,2020-01-01,2021-01-01,2021-01-01,2021-01-01,2021-01-01,N,BOSSIER,"Shreveport-Bossier City, LA",Y,Y,Y
71712022,7171,2022,LA0090000,LA0090000,,N,N,,I,CADDO,CADDO CO SO SHREVEPORT,Caddo,,A,22,Louisiana,LA,LA,7,West South Central,3,South,Region III,County,43358,23370,LAUCR0001,Louisiana Commission on Law Enforcement LUCR/LIBRS/LEMIS,Y,20,9B,"MSA counties from 25,000 thru 99,999",9,MSA Counties,N,20,,Y,262,51,313,79,173,252,7.9,13.0,2002-01-01,2004-01-01,2004-01-01,2021-01-01,2021-01-01,2021-01-01,N,CADDO,"Shreveport-Bossier City, LA",Y,Y,Y
71752022,7175,2022,LA0090400,LA0090400,,N,N,,I,BLANCHARD,BLANCHARD PD,Blanchard,,A,22,Louisiana,LA,LA,7,West South Central,3,South,Region III,City,3383,23370,LAUCR0001,Louisiana Commission on Law Enforcement LUCR/LIBRS/LEMIS,Y,10,6,"Cities from 2,500 thru 9,999",6,"Cities from 2,500 thru 9,999",N,10,,Y,8,0,8,0,1,1,2.4,2.7,2002-01-01,2021-01-01,2021-01-01,2021-01-01,2021-01-01,2021-01-01,N,CADDO,"Shreveport-Bossier City, LA",Y,Y,Y
71762022,7176,2022,LA0091000,LA0091000,,N,N,,I,GREENWOOD,GREENWOOD,Greenwood,,A,22,Louisiana,LA,LA,7,West South Central,3,South,Region III,City,3077,23370,LAUCR0001,Louisiana Commission on Law Enforcement LUCR/LIBRS/LEMIS,Y,10,6,"Cities from 2,500 thru 9,999",6,"Cities from 2,500 thru 9,999",N,10,,Y,9,0,9,0,1,1,2.9,3.2,2002-01-01,2021-01-01,2021-01-01,2021-01-01,2021-01-01,2021-01-01,N,CADDO,"Shreveport-Bossier City, LA",Y,Y,Y
71772022,7177,2022,LA0100000,LA0100000,,N,N,,I,CALCASIEU,CALCASIEU CO SO LAKE CHARLES,Calcasieu,,A,22,Louisiana,LA,LA,7,West South Central,3,South,Region III,County,84585,23370,LAUCR0001,Louisiana Commission on Law Enforcement LUCR/LIBRS/LEMIS,Y,20,9B,"MSA counties from 25,000 thru 99,999",9,MSA Counties,N,20,,N,,,,,,,,,2002-01-01,2009-01-01,2009-01-01,2019-01-01,2019-01-01,2019-01-01,N,CALCASIEU,"Lake Charles, LA",Y,Y,Y
71792022,7179,2022,LA0100200,LA0100200,,N,N,,I,LAKE CHARLES,LAKE CHARLES PD,Lake Charles,,A,22,Louisiana,LA,LA,7,West South Central,3,South,Region III,City,77054,23370,LAUCR0001,Louisiana Commission on Law Enforcement LUCR/LIBRS/LEMIS,N,7,3,"Cities from 50,000 thru 99,999",3,"Cities from 50,000 thru 99,999",N,7,,Y,120,2,122,45,0,45,2.1,2.2,2002-01-01,2019-10-01,2019-10-01,2020-07-01,2020-07-01,2020-07-01,N,CALCASIEU,"Lake Charles, LA",Y,Y,Y
71802022,7180,2022,LA0100300,LA0100300,,N,N,,I,SULPHUR,SULPHUR PD,Sulphur,,A,22,Louisiana,LA,LA,7,West South Central,3,South,Region III,City,19581,23370,LAUCR0001,Louisiana Commission on Law Enforcement LUCR/LIBRS/LEMIS,Y,9,5,"Cities from 10,000 thru 24,999",5,"Cities from 10,000 thru 24,999",N,9,,Y,33,6,39,6,11,17,2.0,2.9,2002-01-01,2019-04-01,2019-04-01,2020-07-01,2020-07-01,2020-07-01,N,CALCASIEU,"Lake Charles, LA",Y,Y,Y
71812022,7181,2022,LA0100400,LA0100400,,N,N,,I,VINTON,VINTON PD,Vinton,,A,22,Louisiana,LA,LA,7,West South Central,3,South,Region III,City,2973,23370,LAUCR0001,Louisiana Commission on Law Enforcement LUCR/LIBRS/LEMIS,Y,10,6,"Cities from 2,500 thru 9,999",6,"Cities from 2,500 thru 9,999",N,10,,Y,8,3,11,2,3,5,3.4,5.4,2002-01-01,2020-07-01,2020-07-01,2020-07-01,2020-07-01,2020-07-01,N,CALCASIEU,"Lake Charles, LA",Y,Y,Y
71822022,7182,2022,LA0100500,LA0100500,,N,N,,I,WESTLAKE,WESTLAKE PD,Westlake,,A,22,Louisiana,LA,LA,7,West South Central,3,South,Region III,City,4464,23370,LAUCR0001,Louisiana Commission on Law Enforcement LUCR/LIBRS/LEMIS,Y,10,6,"Cities from 2,500 thru 9,999",6,"Cities from 2,500 thru 9,999",N,10,,Y,8,1,9,2,3,5,2.2,3.1,2002-01-01,2020-09-01,2020-09-01,2020-09-01,2020-09-01,2020-09-01,N,CALCASIEU,"Lake Charles, LA",Y,Y,Y
71842022,7184,2022,LA0100700,LA0100700,,N,N,,I,IOWA,IOWA PD,Iowa,,A,22,Louisiana,LA,LA,7,West South Central,3,South,Region III,City,2972,23370,LAUCR0001,Louisiana Commission on Law Enforcement LUCR/LIBRS/LEMIS,Y,10,6,"Cities from 2,500 thru 9,999",6,"Cities from 2,500 thru 9,999",N,10,,Y,12,0,12,4,4,8,5.4,6.7,2002-01-01,2020-07-01,2020-07-01,2020-07-01,2020-07-01,2020-07-01,N,CALCASIEU,"Lake Charles, LA",Y,Y,Y
71852022,7185,2022,LA0100800,LA0100800,,N,N,,I,MCNEESE STATE UNIVERSITY,MCNEESE STATE UNIV PD LAKE CHARLES,McNeese State University,,A,22,Louisiana,LA,LA,7,West South Central,3,South,Region III,University or College,0,23370,LAUCR0001,Louisiana Commission on Law Enforcement LUCR/LIBRS/LEMIS,Y,11,7,"Cities under 2,500",7,"Cities under 2,500",N,11,,Y,4,2,6,2,4,6,0,0,2002-01-01,2020-04-01,2020-04-01,2020-04-01,2020-04-01,2020-04-01,N,CALCASIEU,"Lake Charles, LA",Y,Y,Y
71862022,7186,2022,LA0110000,LA0110000,,N,N,,I,CALDWELL,CALDWELL CO SO COLUMBIA,Caldwell,,A,22,Louisiana,LA,LA,7,West South Central,3,South,Region III,County,9509,23370,LAUCR0001,Louisiana Commission on Law Enforcement LUCR/LIBRS/LEMIS,N,16,8D,"Non-MSA counties under 10,000",8,Non-MSA Counties,N,16,,Y,15,1,16,4,8,12,2.0,2.9,2002-01-01,2020-08-01,2020-08-01,2020-09-01,2020-09-01,2020-09-01,N,CALDWELL,Not Specified,Y,Y,Y
71882022,7188,2022,LA0130000,LA0130000,,N,N,,I,CATAHOULA,CATAHOULA CO SO HARRISONBURG,Catahoula,,A,22,Louisiana,LA,LA,7,West South Central,3,South,Region III,County,8736,23370,LAUCR0001,Louisiana Commission on Law Enforcement LUCR/LIBRS/LEMIS,N,16,8D,"Non-MSA counties under 10,000",8,Non-MSA Counties,N,16,,Y,19,8,27,3,11,14,2.5,4.7,2002-01-01,2021-01-01,2021-01-01,2021-01-01,2021-01-01,2021-01-01,N,CATAHOULA,Not Specified,Y,Y,Y
71922022,7192,2022,LA0140000,LA0140000,,N,N,,I,CLAIBORNE,CLAIBORNE CO SO HOMER,Claiborne,,A,22,Louisiana,LA,LA,7,West South Central,3,South,Region III,County,12059,23370,LAUCR0001,Louisiana Commission on Law Enforcement LUCR/LIBRS/LEMIS,N,15,8C,"Non-MSA counties from 10,000 thru 24,999",8,Non-MSA Counties,N,15,,N,,,,,,,,,2002-01-01,2009-04-01,2009-04-01,2019-01-01,2019-01-01,2019-01-01,N,CLAIBORNE,Not Specified,Y,Y,Y
71932022,7193,2022,LA0140100,LA0140100,,N,N,,I,HAYNESVILLE,HAYNESVILLE PD,Haynesville,,A,22,Louisiana,LA,LA,7,West South Central,3,South,Region III,City,1884,23370,LAUCR0001,Louisiana Commission on Law Enforcement LUCR/LIBRS/LEMIS,N,11,7,"Cities under 2,500",7,"Cities under 2,500",N,11,,Y,8,0,8,0,1,1,4.2,4.8,2002-01-01,2022-01-01,2022-01-01,2022-01-01,2022-01-01,2022-01-01,N,CLAIBORNE,Not Specified,Y,Y,Y
71952022,7195,2022,LA0150000,LA0150000,,N,N,,I,CONCORDIA,CONCORDIA CO SO VIDALIA,Concordia,,A,22,Louisiana,LA,LA,7,West South Central,3,South,Region III,County,11322,23370,LAUCR0001,Louisiana Commission on Law Enforcement LUCR/LIBRS/LEMIS,N,15,8C,"Non-MSA counties from 10,000 thru 24,999",8,Non-MSA Counties,N,15,,Y,20,0,20,3,0,3,2.0,2.0,2002-01-01,2021-01-01,2021-01-01,2021-01-01,2021-01-01,2021-01-01,N,CONCORDIA,Not Specified,Y,Y,Y
71962022,7196,2022,LA0150100,LA0150100,,N,N,,I,FERRIDAY,FERRIDAY PD,Ferriday,,A,22,Louisiana,LA,LA,7,West South Central,3,South,Region III,City,3041,23370,LAUCR0001,Louisiana Commission on Law Enforcement LUCR/LIBRS/LEMIS,N,10,6,"Cities from 2,500 thru 9,999",6,"Cities from 2,500 thru 9,999",N,10,,Y,8,1,9,3,4,7,3.6,5.3,2002-01-01,2021-12-01,2022-01-01,2022-01-01,2022-01-01,2022-01-01,N,CONCORDIA,Not Specified,Y,Y,Y
71972022,7197,2022,LA0150200,LA0150200,,N,N,,I,VIDALIA,VIDALIA PD,Vidalia,,A,22,Louisiana,LA,LA,7,West South Central,3,South,Region III,City,3771,23370,LAUCR0001,Louisiana Commission on Law Enforcement LUCR/LIBRS/LEMIS,N,10,6,"Cities from 2,500 thru 9,999",6,"Cities from 2,500 thru 9,999",N,10,,Y,23,1,24,4,8,12,7.2,9.5,2002-01-01,2021-01-01,2021-01-01,2021-01-01,2021-01-01,2021-01-01,N,CONCORDIA,Not Specified,Y,Y,Y
71992022,7199,2022,LA0160000,LA0160000,,N,N,,I,DE SOTO,DE SOTO CO SO MANSFIELD,De Soto,,A,22,Louisiana,LA,LA,7,West South Central,3,South,Region III,County,22466,23370,LAUCR0001,Louisiana Commission on Law Enforcement LUCR/LIBRS/LEMIS,Y,21,9C,"MSA counties from 10,000 thru 24,999",9,MSA Counties,N,21,,N,,,,,,,,,2002-01-01,2021-01-01,2021-01-01,2021-01-01,2021-01-01,2021-01-01,N,DE SOTO,"Shreveport-Bossier City, LA",Y,Y,Y
72002022,7200,2022,LA0160100,LA0160100,,N,N,,I,MANSFIELD,MANSFIELD PD,Mansfield,,A,22,Louisiana,LA,LA,7,West South Central,3,South,Region III,City,4472,23370,LAUCR0001,Louisiana Commission on Law Enforcement LUCR/LIBRS/LEMIS,Y,10,6,"Cities from 2,500 thru 9,999",6,"Cities from 2,500 thru 9,999",N,10,,Y,11,0,11,5,5,10,3.6,4.7,2002-01-01,2020-08-01,2020-08-01,2020-08-01,2020-08-01,2020-08-01,N,DE SOTO,"Shreveport-Bossier City, LA",Y,Y,Y
72022022,7202,2022,LA0170000,LA0170000,,N,N,,I,EAST BATON ROUGE,EAST BATON ROUGE CO SO BATON ROUGE,East Baton Rouge,,A,22,Louisiana,LA,LA,7,West South Central,3,South,Region III,County,197399,23370,LAUCR0001,Louisiana Commission on Law Enforcement LUCR/LIBRS/LEMIS,Y,19,9A,"MSA counties 100,000 or over",9,MSA Counties,Y,19,,Y,477,17,494,164,121,285,3.2,3.9,2002-01-01,2021-01-01,2021-01-01,2021-01-01,2021-01-01,2021-01-01,N,EAST BATON ROUGE,"Baton Rouge, LA",Y,Y,Y
72032022,7203,2022,LA0170100,LA0170100,,N,N,,I,BAKER,BAKER PD,Baker,,A,22,Louisiana,LA,LA,7,West South Central,3,South,Region III,City,12303,23370,LAUCR0001,Louisiana Commission on Law Enforcement LUCR/LIBRS/LEMIS,Y,9,5,"Cities from 10,000 thru 24,999",5,"Cities from 10,000 thru 24,999",N,9,,Y,22,2,24,5,9,14,2.2,3.1,2002-01-01,2003-01-01,2003-01-01,2019-01-01,2019-01-01,2019-01-01,N,EAST BATON ROUGE,"Baton Rouge, LA",Y,Y,Y
72042022,7204,2022,LA0170200,LA0170200,,N,N,,I,BATON ROUGE,BATON ROUGE PD,Baton Rouge,,A,22,Louisiana,LA,LA,7,West South Central,3,South,Region III,City,219913,23370,LAUCR0001,Louisiana Commission on Law Enforcement LUCR/LIBRS/LEMIS,N,6,2,"Cities from 100,000 thru 249,999",2,"Cities from 100,000 thru 249,999",Y,6,,Y,513,12,525,64,223,287,2.6,3.7,2002-01-01,2021-01-01,2021-01-01,2021-01-01,2021-01-01,2021-01-01,N,EAST BATON ROUGE,"Baton Rouge, LA",Y,Y,Y
72052022,7205,2022,LA0170300,LA0170300,,N,N,,I,ZACHARY,ZACHARY PD,Zachary,,A,22,Louisiana,LA,LA,7,West South Central,3,South,Region III,City,20344,23370,LAUCR0001,Louisiana Commission on Law Enforcement LUCR/LIBRS/LEMIS,Y,9,5,"Cities from 10,000 thru 24,999",5,"Cities from 10,000 thru 24,999",N,9,,Y,36,1,37,7,5,12,2.1,2.4,2002-01-01,2021-01-01,2021-01-01,2021-01-01,2021-01-01,2021-01-01,N,EAST BATON ROUGE,"Baton Rouge, LA",Y,Y,Y
72062022,7206,2022,LA0170400,LA0170400,,N,N,,I,LA ST UNIV: BATON ROUGE,LA STATE UNIV PD BATON ROUGE,Louisiana State University:,Baton Rouge,A,22,Louisiana,LA,LA,7,West South Central,3,South,Region III,University or College,0,23370,LAUCR0001,Louisiana Commission on Law Enforcement LUCR/LIBRS/LEMIS,Y,11,7,"Cities under 2,500",7,"Cities under 2,500",N,11,,N,,,,,,,0,0,2002-01-01,2021-01-01,2021-01-01,2021-01-01,2021-01-01,2021-01-01,N,EAST BATON ROUGE,"Baton Rouge, LA",Y,Y,Y
72092022,7209,2022,LA0180000,LA0180000,,N,N,,I,EAST CARROLL,EAST CARROLL CO SO LAKE PROVIDENCE,East Carroll,,A,22,Louisiana,LA,LA,7,West South Central,3,South,Region III,County,3388,23370,LAUCR0001,Louisiana Commission on Law Enforcement LUCR/LIBRS/LEMIS,N,16,8D,"Non-MSA counties under 10,000",8,Non-MSA Counties,N,16,,N,,,,,,,,,2002-01-01,2003-01-01,2003-01-01,2019-01-01,2019-01-01,2019-01-01,N,EAST CARROLL,Not Specified,Y,Y,Y
72102022,7210,2022,LA0180100,LA0180100,,N,N,,I,LAKE PROVIDENCE,LAKE PROVIDENCE PD,Lake Providence,,A,22,Louisiana,LA,LA,7,West South Central,3,South,Region III,City,3661,23370,LAUCR0001,Louisiana Commission on Law Enforcement LUCR/LIBRS/LEMIS,N,10,6,"Cities from 2,500 thru 9,999",6,"Cities from 2,500 thru 9,999",N,10,,Y,6,4,10,2,3,5,2.2,4.1,2002-01-01,2021-01-01,2021-01-01,2021-01-01,2021-01-01,2021-01-01,N,EAST CARROLL,Not Specified,Y,Y,Y
72112022,7211,2022,LA0190000,LA0190000,,N,N,,I,EAST FELICIANA,EAST FELICIANA CO SO CLINTON,East Feliciana,,A,22,Louisiana,LA,LA,7,West South Central,3,South,Region III,County,17218,23370,LAUCR0001,Louisiana Commission on Law Enforcement LUCR/LIBRS/LEMIS,Y,21,9C,"MSA counties from 10,000 thru 24,999",9,MSA Counties,N,21,,N,,,,,,,,,2002-01-01,2020-03-01,2021-04-01,2021-04-01,2021-04-01,2021-04-01,N,EAST FELICIANA,"Baton Rouge, LA",Y,Y,Y
72122022,7212,2022,LA0190100,LA0190100,,N,N,,I,CLINTON,CLINTON PD,Clinton,,A,22,Louisiana,LA,LA,7,West South Central,3,South,Region III,City,1342,23370,LAUCR0001,Louisiana Commission on Law Enforcement LUCR/LIBRS/LEMIS,Y,11,7,"Cities under 2,500",7,"Cities under 2,500",N,11,,Y,13,0,13,8,0,8,15.6,15.6,2002-01-01,2021-01-01,2021-01-01,2021-01-01,2021-01-01,2021-01-01,N,EAST FELICIANA,"Baton Rouge, LA",Y,Y,Y
72142022,7214,2022,LA0190300,LA0190300,,N,N,,I,WILSON,WILSON,Wilson,,A,22,Louisiana,LA,LA,7,West South Central,3,South,Region III,City,354,23370,LAUCR0001,Louisiana Commission on Law Enforcement LUCR/LIBRS/LEMIS,Y,11,7,"Cities under 2,500",7,"Cities under 2,500",N,11,,Y,2,4,6,3,1,4,14.1,28.2,2002-01-01,2021-01-01,2021-07-01,2021-07-01,2021-07-01,2021-07-01,N,EAST FELICIANA,"Baton Rouge, LA",Y,Y,Y
72152022,7215,2022,LA0190500,LA0190500,,N,N,,I,NORWOOD,NORWOOD,Norwood,,A,22,Louisiana,LA,LA,7,West South Central,3,South,Region III,City,279,23370,LAUCR0001,Louisiana Commission on Law Enforcement LUCR/LIBRS/LEMIS,Y,11,7,"Cities under 2,500",7,"Cities under 2,500",N,11,,Y,3,0,3,0,2,2,10.8,17.9,2002-01-01,2020-10-01,2020-10-01,2020-10-01,2020-10-01,2020-10-01,N,EAST FELICIANA,"Baton Rouge, LA",Y,Y,Y
72162022,7216,2022,LA0200000,LA0200000,,N,N,,I,EVANGELINE,EVANGELINE CO SO VILLE PLATTE,Evangeline,,A,22,Louisiana,LA,LA,7,West South Central,3,South,Region III,County,21360,23370,LAUCR0001,Louisiana Commission on Law Enforcement LUCR/LIBRS/LEMIS,N,15,8C,"Non-MSA counties from 10,000 thru 24,999",8,Non-MSA Counties,N,15,,Y,37,2,39,10,21,31,2.2,3.3,2002-01-01,2008-01-01,2008-01-01,2022-01-01,2022-01-01,2022-01-01,N,EVANGELINE,Not Specified,Y,Y,Y
72172022,7217,2022,LA0200100,LA0200100,,N,N,,I,BASILE,BASILE PD,Basile,,A,22,Louisiana,LA,LA,7,West South Central,3,South,Region III,City,1192,23370,LAUCR0001,Louisiana Commission on Law Enforcement LUCR/LIBRS/LEMIS,N,11,7,"Cities under 2,500",7,"Cities under 2,500",N,11,,Y,5,0,5,1,0,1,5.0,5.0,2002-01-01,2004-01-01,2004-01-01,2021-06-01,2021-06-01,2021-06-01,N,EVANGELINE,Not Specified,Y,Y,Y
72202022,7220,2022,LA0210000,LA0210000,,N,N,,I,FRANKLIN,FRANKLIN CO SO WINNSBORO,Franklin,,A,22,Louisiana,LA,LA,7,West South Central,3,South,Region III,County,19581,23370,LAUCR0001,Louisiana Commission on Law Enforcement LUCR/LIBRS/LEMIS,N,15,8C,"Non-MSA counties from 10,000 thru 24,999",8,Non-MSA Counties,N,15,,Y,79,0,79,18,0,18,5.0,5.0,2002-01-01,2021-01-01,2021-01-01,2021-01-01,2021-01-01,2021-01-01,N,FRANKLIN,Not Specified,Y,Y,Y
72242022,7224,2022,LA0220000,LA0220000,,N,N,,I,GRANT,GRANT CO SO COLFAX,Grant,,A,22,Louisiana,LA,LA,7,West South Central,3,South,Region III,County,20993,23370,LAUCR0001,Louisiana Commission on Law Enforcement LUCR/LIBRS/LEMIS,Y,21,9C,"MSA counties from 10,000 thru 24,999",9,MSA Counties,N,21,,N,,,,,,,,,2002-01-01,2021-01-01,2021-01-01,2021-01-01,2021-01-01,2021-01-01,N,GRANT,"Alexandria, LA",Y,Y,Y
72322022,7232,2022,LA0240000,LA0240000,,N,N,,I,IBERVILLE,IBERVILLE CO SO PLAQUEMINE,Iberville,,A,22,Louisiana,LA,LA,7,West South Central,3,South,Region III,County,12925,23370,LAUCR0001,Louisiana Commission on Law Enforcement LUCR/LIBRS/LEMIS,Y,21,9C,"MSA counties from 10,000 thru 24,999",9,MSA Counties,N,21,,Y,77,20,97,5,35,40,6.3,10.6,2002-01-01,2020-08-01,2020-08-01,2020-08-01,2020-08-01,2020-08-01,N,IBERVILLE,"Baton Rouge, LA",Y,Y,Y
72342022,7234,2022,LA0240200,LA0240200,,N,N,,I,PLAQUEMINE,PLAQUEMINE PD,Plaquemine,,A,22,Louisiana,LA,LA,7,West South Central,3,South,Region III,City,5804,23370,LAUCR0001,Louisiana Commission on Law Enforcement LUCR/LIBRS/LEMIS,Y,10,6,"Cities from 2,500 thru 9,999",6,"Cities from 2,500 thru 9,999",N,10,,Y,16,2,18,5,7,12,3.6,5.2,2002-01-01,2004-04-01,2004-04-01,2021-01-01,2021-01-01,2021-01-01,N,IBERVILLE,"Baton Rouge, LA",Y,Y,Y
72392022,7239,2022,LA0250000,LA0250000,,N,N,,I,JACKSON,JACKSON CO SO JONESBORO,Jackson,,A,22,Louisiana,LA,LA,7,West South Central,3,South,Region III,County,9941,23370,LAUCR0001,Louisiana Commission on Law Enforcement LUCR/LIBRS/LEMIS,N,16,8D,"Non-MSA counties under 10,000",8,Non-MSA Counties,N,16,,Y,50,0,50,30,0,30,8.0,8.0,2002-01-01,2020-07-01,2020-07-01,2020-07-01,2020-07-01,2020-07-01,N,JACKSON,Not Specified,Y,Y,Y
72422022,7242,2022,LA0260000,LA0260000,,N,N,,I,JEFFERSON,JEFFERSON PARISH SHERIFFS OFFICE,Jefferson,,A,22,Louisiana,LA,LA,7,West South Central,3,South,Region III,County,326226,23370,LAUCR0001,Louisiana Commission on Law Enforcement LUCR/LIBRS/LEMIS,Y,19,9A,"MSA counties 100,000 or over",9,MSA Counties,Y,19,,Y,632,128,760,218,298,516,2.6,3.9,2002-01-01,2020-01-01,2020-01-01,2021-09-01,2021-09-01,2021-09-01,N,JEFFERSON,"New Orleans-Metairie, LA",Y,Y,Y
72432022,7243,2022,LA0260100,LA0260100,,N,N,,I,GRETNA,GRETNA PD,Gretna,,A,22,Louisiana,LA,LA,7,West South Central,3,South,Region III,City,17358,23370,LAUCR0001,Louisiana Commission on Law Enforcement LUCR/LIBRS/LEMIS,Y,9,5,"Cities from 10,000 thru 24,999",5,"Cities from 10,000 thru 24,999",N,9,,Y,75,11,86,23,26,49,5.6,7.8,2002-01-01,2020-01-01,2021-01-01,2021-01-01,2021-01-01,2021-01-01,N,JEFFERSON,"New Orleans-Metairie, LA",Y,Y,Y
72442022,7244,2022,LA0260200,LA0260200,,N,N,,I,HARAHAN,HARAHAN PD,Harahan,,A,22,Louisiana,LA,LA,7,West South Central,3,South,Region III,City,8827,23370,LAUCR0001,Louisiana Commission on Law Enforcement LUCR/LIBRS/LEMIS,Y,10,6,"Cities from 2,500 thru 9,999",6,"Cities from 2,500 thru 9,999",N,10,,Y,23,0,23,5,3,8,3.2,3.5,2002-01-01,2020-04-01,2021-01-01,2021-01-01,2021-01-01,2021-01-01,N,JEFFERSON,"New Orleans-Metairie, LA",Y,Y,Y
72452022,7245,2022,LA0260300,LA0260300,,N,N,,I,KENNER,KENNER PD,Kenner,,A,22,Louisiana,LA,LA,7,West South Central,3,South,Region III,City,64419,23370,LAUCR0001,Louisiana Commission on Law Enforcement LUCR/LIBRS/LEMIS,N,7,3,"Cities from 50,000 thru 99,999",3,"Cities from 50,000 thru 99,999",N,7,,Y,119,18,137,20,44,64,2.2,3.1,2002-01-01,2020-01-01,2021-01-01,2021-01-01,2021-01-01,2021-01-01,N,JEFFERSON,"New Orleans-Metairie, LA",Y,Y,Y
72462022,7246,2022,LA0260400,LA0260400,,N,N,,I,WESTWEGO,WESTWEGO PD,Westwego,,A,22,Louisiana,LA,LA,7,West South Central,3,South,Region III,City,8266,23370,LAUCR0001,Louisiana Commission on Law Enforcement LUCR/LIBRS/LEMIS,Y,10,6,"Cities from 2,500 thru 9,999",6,"Cities from 2,500 thru 9,999",N,10,,Y,30,1,31,6,0,6,4.4,4.5,2002-01-01,2020-05-01,2021-01-01,2021-01-01,2021-01-01,2021-01-01,N,JEFFERSON,"New Orleans-Metairie, LA",Y,Y,Y
72482022,7248,2022,LA0270000,LA0270000,,N,N,,I,JEFFERSON DAVIS,JEFFERSON DAVIS CO SO JENNINGS,Jefferson Davis,,A,22,Louisiana,LA,LA,7,West South Central,3,South,Region III,County,16779,23370,LAUCR0001,Louisiana Commission on Law Enforcement LUCR/LIBRS/LEMIS,N,15,8C,"Non-MSA counties from 10,000 thru 24,999",8,Non-MSA Counties,N,15,,Y,81,0,81,32,0,32,6.7,6.7,2002-01-01,2007-01-01,2021-01-01,2021-01-01,2021-01-01,2021-01-01,N,JEFFERSON DAVIS,Not Specified,Y,Y,Y
72502022,7250,2022,LA0270200,LA0270200,,N,N,,I,JENNINGS,JENNINGS PD,Jennings,,A,22,Louisiana,LA,LA,7,West South Central,3,South,Region III,City,9664,23370,LAUCR0001,Louisiana Commission on Law Enforcement LUCR/LIBRS/LEMIS,N,10,6,"Cities from 2,500 thru 9,999",6,"Cities from 2,500 thru 9,999",N,10,,Y,16,0,16,4,6,10,2.1,2.7,2002-01-01,2010-01-01,2010-01-01,2019-01-01,2019-01-01,2019-01-01,N,JEFFERSON DAVIS,Not Specified,Y,Y,Y
72532022,7253,2022,LA0280000,LA0280000,,N,N,,I,LAFAYETTE,LAFAYETTE CO SO LAFAYETTE,Lafayette,,A,22,Louisiana,LA,LA,7,West South Central,3,South,Region III,County,71794,23370,LAUCR0001,Louisiana Commission on Law Enforcement LUCR/LIBRS/LEMIS,Y,20,9B,"MSA counties from 25,000 thru 99,999",9,MSA Counties,N,20,,Y,330,125,455,74,199,273,5.6,10.1,2002-01-01,2012-01-01,2012-01-01,2021-02-01,2021-02-01,2021-02-01,N,LAFAYETTE,"Lafayette, LA",Y,Y,Y
72542022,7254,2022,LA0280100,LA0280100,,N,N,,I,BROUSSARD,BROUSSARD PD,Broussard,,A,22,Louisiana,LA,LA,7,West South Central,3,South,Region III,City,14103,23370,LAUCR0001,Louisiana Commission on Law Enforcement LUCR/LIBRS/LEMIS,Y,9,5,"Cities from 10,000 thru 24,999",5,"Cities from 10,000 thru 24,999",N,9,,Y,32,0,32,2,3,5,2.4,2.6,2002-01-01,2021-01-01,2021-01-01,2021-01-01,2021-01-01,2021-01-01,N,"LAFAYETTE, ST MARTIN","Lafayette, LA",Y,Y,Y
72612022,7261,2022,LA0290000,LA0290000,,N,N,,I,LAFOURCHE,LAFOURCHE CO SO THIBODAUX,Lafourche,,A,22,Louisiana,LA,LA,7,West South Central,3,South,Region III,County,77976,23370,LAUCR0001,Louisiana Commission on Law Enforcement LUCR/LIBRS/LEMIS,Y,20,9B,"MSA counties from 25,000 thru 99,999",9,MSA Counties,N,20,,Y,150,7,157,83,40,123,3.0,3.6,2002-01-01,2015-01-01,2015-01-01,2019-01-01,2019-01-01,2019-01-01,N,LAFOURCHE,"Houma-Thibodaux, LA",Y,Y,Y
72622022,7262,2022,LA0290100,LA0290100,,N,N,,I,GOLDEN MEADOW,GOLDEN MEADOW PD,Golden Meadow,,A,22,Louisiana,LA,LA,7,West South Central,3,South,Region III,City,1735,23370,LAUCR0001,Louisiana Commission on Law Enforcement LUCR/LIBRS/LEMIS,Y,11,7,"Cities under 2,500",7,"Cities under 2,500",N,11,,N,,,,,,,,,2002-01-01,2021-01-01,2021-01-01,2021-01-01,2021-01-01,2021-01-01,N,LAFOURCHE,"Houma-Thibodaux, LA",Y,Y,Y
72642022,7264,2022,LA0290500,LA0290500,,N,N,,I,THIBODAUX,THIBODAUX PD,Thibodaux,,A,22,Louisiana,LA,LA,7,West South Central,3,South,Region III,City,15166,23370,LAUCR0001,Louisiana Commission on Law Enforcement LUCR/LIBRS/LEMIS,N,9,5,"Cities from 10,000 thru 24,999",5,"Cities from 10,000 thru 24,999",N,9,,Y,42,4,46,6,16,22,3.2,4.5,2002-01-01,2015-01-01,2015-01-01,2019-01-01,2019-01-01,2019-01-01,N,LAFOURCHE,"Houma-Thibodaux, LA",Y,Y,Y
72662022,7266,2022,LA0300000,LA0300000,,N,N,,I,LA SALLE,LA SALLE CO SO JENA,La Salle,,A,22,Louisiana,LA,LA,7,West South Central,3,South,Region III,County,9677,23370,LAUCR0001,Louisiana Commission on Law Enforcement LUCR/LIBRS/LEMIS,N,16,8D,"Non-MSA counties under 10,000",8,Non-MSA Counties,N,16,,Y,22,15,37,3,25,28,2.6,6.7,2002-01-01,2021-01-01,2021-01-01,2021-01-01,2021-01-01,2021-01-01,N,LA SALLE,Not Specified,Y,Y,Y
72692022,7269,2022,LA0310000,LA0310000,,N,N,,I,LINCOLN,LINCOLN CO SO RUSTON,Lincoln,,A,22,Louisiana,LA,LA,7,West South Central,3,South,Region III,County,18781,23370,LAUCR0001,Louisiana Commission on Law Enforcement LUCR/LIBRS/LEMIS,N,15,8C,"Non-MSA counties from 10,000 thru 24,999",8,Non-MSA Counties,N,15,,Y,2,0,2,0,0,0,0.1,0.1,2002-01-01,2020-07-01,2020-07-01,2020-07-01,2020-07-01,2020-07-01,N,LINCOLN,Not Specified,Y,Y,Y
72712022,7271,2022,LA0310200,LA0310200,,N,N,,I,RUSTON,RUSTON PD,Ruston,,A,22,Louisiana,LA,LA,7,West South Central,3,South,Region III,City,22435,23370,LAUCR0001,Louisiana Commission on Law Enforcement LUCR/LIBRS/LEMIS,N,9,5,"Cities from 10,000 thru 24,999",5,"Cities from 10,000 thru 24,999",N,9,,Y,30,1,31,5,11,16,1.6,2.1,2002-01-01,2020-01-01,2020-01-01,2020-01-01,2020-01-01,2020-01-01,N,LINCOLN,Not Specified,Y,Y,Y
72742022,7274,2022,LA0310700,LA0310700,,N,N,,I,LOUISIANA TECH UNIVERSIT,LA TECH UNIV PD RUSTON,Louisiana Tech University,,A,22,Louisiana,LA,LA,7,West South Central,3,South,Region III,University or College,0,23370,LAUCR0001,Louisiana Commission on Law Enforcement LUCR/LIBRS/LEMIS,N,11,7,"Cities under 2,500",7,"Cities under 2,500",N,11,,Y,17,0,17,1,2,3,0,0,2002-01-01,2021-01-01,2021-01-01,2021-01-01,2021-01-01,2021-01-01,N,LINCOLN,Not Specified,Y,Y,Y
72752022,7275,2022,LA0320000,LA0320000,,N,N,,I,LIVINGSTON,LIVINGSTON CO SO LIVINGSTON,Livingston,,A,22,Louisiana,LA,LA,7,West South Central,3,South,Region III,County,129183,23370,LAUCR0001,Louisiana Commission on Law Enforcement LUCR/LIBRS/LEMIS,Y,19,9A,"MSA counties 100,000 or over",9,MSA Counties,Y,19,,Y,157,64,221,13,105,118,1.3,2.6,2002-01-01,2021-01-01,2021-01-01,2021-01-01,2021-01-01,2021-01-01,N,LIVINGSTON,"Baton Rouge, LA",Y,Y,Y
72772022,7277,2022,LA0320300,LA0320300,,N,N,,I,WALKER,WALKER PD,Walker,,A,22,Louisiana,LA,LA,7,West South Central,3,South,Region III,City,6450,23370,LAUCR0001,Louisiana Commission on Law Enforcement LUCR/LIBRS/LEMIS,Y,10,6,"Cities from 2,500 thru 9,999",6,"Cities from 2,500 thru 9,999",N,10,,N,,,,,,,,,2002-01-01,2021-01-01,2021-01-01,2021-01-01,2021-01-01,2021-01-01,N,LIVINGSTON,"Baton Rouge, LA",Y,Y,Y
72822022,7282,2022,LA0330100,LA0330100,,N,N,,I,TALLULAH,TALLULAH PD,Tallulah,,A,22,Louisiana,LA,LA,7,West South Central,3,South,Region III,City,5975,23370,LAUCR0001,Louisiana Commission on Law Enforcement LUCR/LIBRS/LEMIS,N,10,6,"Cities from 2,500 thru 9,999",6,"Cities from 2,500 thru 9,999",N,10,,Y,3,6,9,0,1,1,0.5,1.7,2002-01-01,2007-01-01,2007-01-01,2019-01-01,2019-01-01,2019-01-01,N,MADISON,Not Specified,Y,Y,Y
72832022,7283,2022,LA0340000,LA0340000,,N,N,,I,MOREHOUSE,MOREHOUSE PARISH SHERIFF'S OFFICE,Morehouse,,A,22,Louisiana,LA,LA,7,West South Central,3,South,Region III,County,15293,23370,LAUCR0001,Louisiana Commission on Law Enforcement LUCR/LIBRS/LEMIS,Y,21,9C,"MSA counties from 10,000 thru 24,999",9,MSA Counties,N,21,,Y,77,0,77,39,0,39,7.6,7.6,2002-01-01,2003-01-01,2003-01-01,2019-01-01,2019-01-01,2019-01-01,N,MOREHOUSE,"Monroe, LA",Y,Y,Y
72842022,7284,2022,LA0340100,LA0340100,,N,N,,I,BASTROP,BASTROP PD,Bastrop,,A,22,Louisiana,LA,LA,7,West South Central,3,South,Region III,City,9291,23370,LAUCR0001,Louisiana Commission on Law Enforcement LUCR/LIBRS/LEMIS,Y,10,6,"Cities from 2,500 thru 9,999",6,"Cities from 2,500 thru 9,999",N,10,,Y,8,0,8,7,0,7,1.6,1.6,2002-01-01,2021-01-01,2021-01-01,2021-01-01,2021-01-01,2021-01-01,N,MOREHOUSE,"Monroe, LA",Y,Y,Y
72932022,7293,2022,LA0360200,LA0360200,,N,N,,I,DELGADO COMMUNITY COLLEG,DELGADO JR COLL PD NEW ORLEANS,Delgado Community College,,A,22,Louisiana,LA,LA,7,West South Central,3,South,Region III,University or College,0,23370,LAUCR0001,Louisiana Commission on Law Enforcement LUCR/LIBRS/LEMIS,Y,11,7,"Cities under 2,500",7,"Cities under 2,500",N,11,,Y,21,3,24,7,5,12,0,0,2002-01-01,2021-01-01,2021-01-01,2021-01-01,2021-01-01,2021-01-01,N,ORLEANS,"New Orleans-Metairie, LA",Y,Y,Y
72942022,7294,2022,LA0360300,LA0360300,,N,N,,I,UNIV OF NEW ORLEANS,UNIV OF NEW ORLEANS PD NEW ORLEANS,University of New Orleans,,A,22,Louisiana,LA,LA,7,West South Central,3,South,Region III,University or College,0,23370,LAUCR0001,Louisiana Commission on Law Enforcement LUCR/LIBRS/LEMIS,Y,11,7,"Cities under 2,500",7,"Cities under 2,500",N,11,,N,,,,,,,0,0,2002-01-01,2021-01-01,2021-01-01,2021-01-01,2021-01-01,2021-01-01,N,ORLEANS,"New Orleans-Metairie, LA",Y,Y,Y
72952022,7295,2022,LA0361200,LA0361200,,N,N,,I,SOUTHERN U &A&M C: NEW O,SOUTHERN UNIV PD NEW ORLEANS,Southern University and A&M College:,New Orleans,A,22,Louisiana,LA,LA,7,West South Central,3,South,Region III,University or College,0,23370,LAUCR0001,Louisiana Commission on Law Enforcement LUCR/LIBRS/LEMIS,Y,11,7,"Cities under 2,500",7,"Cities under 2,500",N,11,,Y,9,0,9,4,0,4,0,0,2002-01-01,2021-01-01,2021-12-01,2021-12-01,2021-12-01,2021-12-01,N,ORLEANS,"New Orleans-Metairie, LA",Y,Y,Y
72982022,7298,2022,LA0370000,LA0370000,,N,N,,I,OUACHITA,OUACHITA CO SO MONROE,Ouachita,,A,22,Louisiana,LA,LA,7,West South Central,3,South,Region III,County,91592,23370,LAUCR0001,Louisiana Commission on Law Enforcement LUCR/LIBRS/LEMIS,Y,20,9B,"MSA counties from 25,000 thru 99,999",9,MSA Counties,N,20,,Y,257,0,257,118,0,118,4.1,4.1,2002-01-01,2018-02-01,2018-02-01,2021-09-01,2021-09-01,2021-09-01,N,OUACHITA,"Monroe, LA",Y,Y,Y
72992022,7299,2022,LA0370100,LA0370100,,N,N,,I,MONROE,MONROE PD,Monroe,,A,22,Louisiana,LA,LA,7,West South Central,3,South,Region III,City,46908,23370,LAUCR0001,Louisiana Commission on Law Enforcement LUCR/LIBRS/LEMIS,N,8,4,"Cities from 25,000 thru 49,999",4,"Cities from 25,000 thru 49,999",N,8,,N,,,,,,,,,2002-01-01,2017-06-01,2017-06-01,2019-01-01,2019-01-01,2019-01-01,N,OUACHITA,"Monroe, LA",Y,Y,Y
73002022,7300,2022,LA0370200,LA0370200,,N,N,,I,WEST MONROE,WEST MONROE PD,West Monroe,,A,22,Louisiana,LA,LA,7,West South Central,3,South,Region III,City,12680,23370,LAUCR0001,Louisiana Commission on Law Enforcement LUCR/LIBRS/LEMIS,Y,9,5,"Cities from 10,000 thru 24,999",5,"Cities from 10,000 thru 24,999",N,9,,Y,46,2,48,4,10,14,3.9,4.9,2002-01-01,2014-01-01,2014-01-01,2019-01-01,2019-01-01,2019-01-01,N,OUACHITA,"Monroe, LA",Y,Y,Y
73022022,7302,2022,LA0370400,LA0370400,,N,N,,I,UNIV OF LA: MONROE,NORTHEAST LA UNIV PD MONROE,University of Louisiana:,Monroe,A,22,Louisiana,LA,LA,7,West South Central,3,South,Region III,University or College,0,23370,LAUCR0001,Louisiana Commission on Law Enforcement LUCR/LIBRS/LEMIS,Y,11,7,"Cities under 2,500",7,"Cities under 2,500",N,11,,Y,17,0,17,8,0,8,0,0,2002-01-01,2021-01-01,2021-01-01,2021-01-01,2021-01-01,2021-01-01,N,OUACHITA,"Monroe, LA",Y,Y,Y
73042022,7304,2022,LA0370900,LA0370900,,N,N,,I,TENSAS BASIN LEVEE DIST,TENSAS BASIN LEVEE DISTRICT POLICE HEADQUARTERS,Tensas Basin Levee District,,A,22,Louisiana,LA,LA,7,West South Central,3,South,Region III,Other State Agency,0,23370,LAUCR0001,Louisiana Commission on Law Enforcement LUCR/LIBRS/LEMIS,Y,11,7,"Cities under 2,500",7,"Cities under 2,500",N,11,,Y,2,0,2,0,1,1,0,0,2002-01-01,2019-12-01,2019-12-01,2021-08-01,2021-08-01,2021-08-01,N,OUACHITA,"Monroe, LA",Y,Y,Y
73052022,7305,2022,LA0380000,LA0380000,,N,N,,I,PLAQUEMINES,PLAQUEMINES PARISH SHERIFFS OFFICE,Plaquemines,,A,22,Louisiana,LA,LA,7,West South Central,3,South,Region III,County,23101,23370,LAUCR0001,Louisiana Commission on Law Enforcement LUCR/LIBRS/LEMIS,Y,21,9C,"MSA counties from 10,000 thru 24,999",9,MSA Counties,N,21,,N,,,,,,,,,2002-01-01,2004-10-01,2004-10-01,2019-01-01,2019-01-01,2019-01-01,N,PLAQUEMINES,"New Orleans-Metairie, LA",Y,Y,Y
73062022,7306,2022,LA0390000,LA0390000,,N,N,,I,POINTE COUPEE,POINTE COUPEE CO SO NEW ROADS,Pointe Coupee,,A,22,Louisiana,LA,LA,7,West South Central,3,South,Region III,County,18822,23370,LAUCR0001,Louisiana Commission on Law Enforcement LUCR/LIBRS/LEMIS,Y,21,9C,"MSA counties from 10,000 thru 24,999",9,MSA Counties,N,21,,N,,,,,,,,,2002-01-01,2021-01-01,2021-01-01,2021-01-01,2021-01-01,2021-01-01,N,POINTE COUPEE,"Baton Rouge, LA",Y,Y,Y
73082022,7308,2022,LA0400000,LA0400000,,N,N,,I,RAPIDES,RAPIDES CO SO ALEXANDRIA,Rapides,,A,22,Louisiana,LA,LA,7,West South Central,3,South,Region III,County,63191,23370,LAUCR0001,Louisiana Commission on Law Enforcement LUCR/LIBRS/LEMIS,Y,20,9B,"MSA counties from 25,000 thru 99,999",9,MSA Counties,N,20,,Y,347,21,368,55,96,151,6.4,8.2,2002-01-01,2007-01-01,2007-01-01,2019-01-01,2019-01-01,2019-01-01,N,RAPIDES,"Alexandria, LA",Y,Y,Y
73092022,7309,2022,LA0400100,LA0400100,,N,N,,I,ALEXANDRIA,ALEXANDRIA PD,Alexandria,,A,22,Louisiana,LA,LA,7,West South Central,3,South,Region III,City,44349,23370,LAUCR0001,Louisiana Commission on Law Enforcement LUCR/LIBRS/LEMIS,N,8,4,"Cities from 25,000 thru 49,999",4,"Cities from 25,000 thru 49,999",N,8,,Y,101,3,104,13,29,42,2.6,3.3,2002-01-01,2021-01-01,2021-01-01,2021-01-01,2021-01-01,2021-01-01,N,RAPIDES,"Alexandria, LA",Y,Y,Y
73192022,7319,2022,LA0420000,LA0420000,,N,N,,I,RICHLAND,RICHLAND CO SO RAYVILLE,Richland,,A,22,Louisiana,LA,LA,7,West South Central,3,South,Region III,County,16352,23370,LAUCR0001,Louisiana Commission on Law Enforcement LUCR/LIBRS/LEMIS,N,15,8C,"Non-MSA counties from 10,000 thru 24,999",8,Non-MSA Counties,N,15,,Y,86,7,93,35,18,53,7.4,8.9,2002-01-01,2020-02-01,2020-02-01,2021-11-01,2021-11-01,2021-11-01,N,RICHLAND,Not Specified,Y,Y,Y
73212022,7321,2022,LA0420200,LA0420200,,N,N,,I,RAYVILLE,RAYVILLE PD,Rayville,,A,22,Louisiana,LA,LA,7,West South Central,3,South,Region III,City,3229,23370,LAUCR0001,Louisiana Commission on Law Enforcement LUCR/LIBRS/LEMIS,N,10,6,"Cities from 2,500 thru 9,999",6,"Cities from 2,500 thru 9,999",N,10,,N,,,,,,,,,2002-01-01,2021-01-01,2021-01-01,2021-01-01,2021-01-01,2021-01-01,N,RICHLAND,Not Specified,Y,Y,Y
73272022,7327,2022,LA0430700,LA0430700,,N,N,,I,FISHER,FISHER,Fisher,,A,22,Louisiana,LA,LA,7,West South Central,3,South,Region III,City,196,23370,LAUCR0001,Louisiana Commission on Law Enforcement LUCR/LIBRS/LEMIS,N,11,7,"Cities under 2,500",7,"Cities under 2,500",N,11,,N,,,,,,,,,2002-01-01,2021-01-01,2022-01-01,2022-01-01,2022-01-01,2022-01-01,N,SABINE,Not Specified,Y,Y,Y
73282022,7328,2022,LA0440000,LA0440000,,N,N,,I,ST. BERNARD,ST BERNARD PARISH SHERIFFS OFFICE,St. Bernard,,A,22,Louisiana,LA,LA,7,West South Central,3,South,Region III,County,44605,23370,LAUCR0001,Louisiana Commission on Law Enforcement LUCR/LIBRS/LEMIS,Y,20,9B,"MSA counties from 25,000 thru 99,999",9,MSA Counties,N,20,,N,,,,,,,,,2002-01-01,2021-01-01,2021-01-01,2021-01-01,2021-01-01,2021-01-01,N,ST BERNARD,"New Orleans-Metairie, LA",Y,Y,Y
73292022,7329,2022,LA0450000,LA0450000,,N,N,,I,ST. CHARLES,ST CHARLES PARISH SHERIFFS OFFICE,St. Charles,,A,22,Louisiana,LA,LA,7,West South Central,3,South,Region III,County,51995,23370,LAUCR0001,Louisiana Commission on Law Enforcement LUCR/LIBRS/LEMIS,Y,20,9B,"MSA counties from 25,000 thru 99,999",9,MSA Counties,N,20,,Y,192,8,200,56,96,152,4.8,6.8,2002-01-01,2020-01-01,2020-01-01,2020-08-01,2020-08-01,2020-08-01,N,ST CHARLES,"New Orleans-Metairie, LA",Y,Y,Y
73302022,7330,2022,LA0460000,LA0460000,,N,N,,I,ST. HELENA,ST HELENA CO SO GREENSBURG,St. Helena,,A,22,Louisiana,LA,LA,7,West South Central,3,South,Region III,County,10078,23370,LAUCR0001,Louisiana Commission on Law Enforcement LUCR/LIBRS/LEMIS,Y,21,9C,"MSA counties from 10,000 thru 24,999",9,MSA Counties,N,21,,Y,25,2,27,19,0,19,4.4,4.6,2002-01-01,2013-01-01,2013-01-01,2019-01-01,2019-01-01,2019-01-01,N,ST HELENA,"Baton Rouge, LA",Y,Y,Y
73312022,7331,2022,LA0470000,LA0470000,,N,N,,I,ST. JAMES,ST JAMES CO SO CONVENT,St. James,,A,22,Louisiana,LA,LA,7,West South Central,3,South,Region III,County,13564,23370,LAUCR0001,Louisiana Commission on Law Enforcement LUCR/LIBRS/LEMIS,Y,21,9C,"MSA counties from 10,000 thru 24,999",9,MSA Counties,N,21,,N,,,,,,,,,2002-01-01,2008-01-01,2008-01-01,2020-01-01,2020-01-01,2020-01-01,N,ST JAMES,"New Orleans-Metairie, LA",Y,Y,Y
73322022,7332,2022,LA0470100,LA0470100,,N,N,,I,LUTCHER,LUTCHER PD,Lutcher,,A,22,Louisiana,LA,LA,7,West South Central,3,South,Region III,City,2966,23370,LAUCR0001,Louisiana Commission on Law Enforcement LUCR/LIBRS/LEMIS,Y,10,6,"Cities from 2,500 thru 9,999",6,"Cities from 2,500 thru 9,999",N,10,,Y,3,0,3,0,1,1,1.0,1.3,2002-01-01,2020-08-01,2020-08-01,2020-08-01,2020-08-01,2020-08-01,N,ST JAMES,"New Orleans-Metairie, LA",Y,Y,Y
73332022,7333,2022,LA0470200,LA0470200,,N,N,,I,GRAMERCY,GRAMERCY PD,Gramercy,,A,22,Louisiana,LA,LA,7,West South Central,3,South,Region III,City,2801,23370,LAUCR0001,Louisiana Commission on Law Enforcement LUCR/LIBRS/LEMIS,Y,10,6,"Cities from 2,500 thru 9,999",6,"Cities from 2,500 thru 9,999",N,10,,N,,,,,,,,,2002-01-01,2017-01-01,2017-01-01,2019-01-01,2019-01-01,2019-01-01,N,ST JAMES,"New Orleans-Metairie, LA",Y,Y,Y
73342022,7334,2022,LA0480000,LA0480000,,N,N,,I,ST. JOHN THE BAPTIST,SHERIFF OFFICE LAPLACE,St. John the Baptist,,A,22,Louisiana,LA,LA,7,West South Central,3,South,Region III,County,41724,23370,LAUCR0001,Louisiana Commission on Law Enforcement LUCR/LIBRS/LEMIS,Y,20,9B,"MSA counties from 25,000 thru 99,999",9,MSA Counties,N,20,,N,,,,,,,,,2002-01-01,2015-01-01,2015-01-01,2019-01-01,2019-01-01,2019-01-01,N,ST JOHN THE BAPTIST,"New Orleans-Metairie, LA",Y,Y,Y
73352022,7335,2022,LA0490000,LA0490000,,N,N,,I,ST. LANDRY,ST LANDRY CO SO OPELOUSAS,St. Landry,,A,22,Louisiana,LA,LA,7,West South Central,3,South,Region III,County,49823,23370,LAUCR0001,Louisiana Commission on Law Enforcement LUCR/LIBRS/LEMIS,N,14,8B,"Non-MSA counties from 25,000 thru 99,999",8,Non-MSA Counties,N,14,,Y,104,13,117,44,51,95,3.0,4.3,2002-01-01,2021-01-01,2021-01-01,2021-01-01,2021-01-01,2021-01-01,N,ST LANDRY,Not Specified,Y,Y,Y
73372022,7337,2022,LA0490200,LA0490200,,N,N,,I,OPELOUSAS,OPELOUSAS PD,Opelousas,,A,22,Louisiana,LA,LA,7,West South Central,3,South,Region III,City,15447,23370,LAUCR0001,Louisiana Commission on Law Enforcement LUCR/LIBRS/LEMIS,N,9,5,"Cities from 10,000 thru 24,999",5,"Cities from 10,000 thru 24,999",N,9,,Y,26,2,28,10,12,22,2.3,3.2,2002-01-01,2021-01-01,2021-01-01,2021-01-01,2021-01-01,2021-01-01,N,ST LANDRY,Not Specified,Y,Y,Y
73382022,7338,2022,LA0490300,LA0490300,,N,N,,I,ARNAUDVILLE,ARNAUDVILLE PD,Arnaudville,,A,22,Louisiana,LA,LA,7,West South Central,3,South,Region III,City,999,23370,LAUCR0001,Louisiana Commission on Law Enforcement LUCR/LIBRS/LEMIS,N,11,7,"Cities under 2,500",7,"Cities under 2,500",N,11,,Y,5,1,6,1,3,4,6.0,10.0,2002-01-01,2020-08-01,2020-08-01,2020-08-01,2020-08-01,2020-08-01,N,"ST LANDRY, ST MARTIN",Not Specified,Y,Y,Y
73422022,7342,2022,LA0490800,LA0490800,,N,N,,I,KROTZ SPRINGS,KROTZ SPRINGS PD,Krotz Springs,,A,22,Louisiana,LA,LA,7,West South Central,3,South,Region III,City,894,23370,LAUCR0001,Louisiana Commission on Law Enforcement LUCR/LIBRS/LEMIS,N,11,7,"Cities under 2,500",7,"Cities under 2,500",N,11,,Y,3,0,3,2,3,5,5.6,8.9,2002-01-01,2017-08-01,2017-08-01,2020-07-01,2020-07-01,2020-07-01,N,ST LANDRY,Not Specified,Y,Y,Y
73442022,7344,2022,LA0491300,LA0491300,,N,N,,I,LA ST UNIV: EUNICE,LA STATE UNIV PD EUNICE,Louisiana State University:,Eunice,A,22,Louisiana,LA,LA,7,West South Central,3,South,Region III,University or College,0,23370,LAUCR0001,Louisiana Commission on Law Enforcement LUCR/LIBRS/LEMIS,N,11,7,"Cities under 2,500",7,"Cities under 2,500",N,11,,N,,,,,,,0,0,2002-01-01,2020-02-01,2020-02-01,2020-01-01,2020-01-01,2020-01-01,N,ST LANDRY,Not Specified,Y,Y,Y
73452022,7345,2022,LA0500000,LA0500000,,N,N,,I,ST. MARTIN,ST MARTIN CO SO ST MARTINVILLE,St. Martin,,A,22,Louisiana,LA,LA,7,West South Central,3,South,Region III,County,37559,23370,LAUCR0001,Louisiana Commission on Law Enforcement LUCR/LIBRS/LEMIS,Y,20,9B,"MSA counties from 25,000 thru 99,999",9,MSA Counties,N,20,,Y,66,46,112,29,55,84,2.5,5.2,2002-01-01,2021-01-01,2021-01-01,2021-01-01,2021-01-01,2021-01-01,N,ST MARTIN,"Lafayette, LA",Y,Y,Y
73492022,7349,2022,LA0510000,LA0510000,,N,N,,I,ST. MARY,ST MARY CO SO FRANKLIN,St. Mary,,A,22,Louisiana,LA,LA,7,West South Central,3,South,Region III,County,18012,23370,LAUCR0001,Louisiana Commission on Law Enforcement LUCR/LIBRS/LEMIS,N,15,8C,"Non-MSA counties from 10,000 thru 24,999",8,Non-MSA Counties,N,15,,Y,11,0,11,3,0,3,0.8,0.8,2002-01-01,2021-01-01,2021-01-01,2021-01-01,2021-01-01,2021-01-01,N,ST MARY,Not Specified,Y,Y,Y
73502022,7350,2022,LA0510100,LA0510100,,N,N,,I,BERWICK,BERWICK PD,Berwick,,A,22,Louisiana,LA,LA,7,West South Central,3,South,Region III,City,4557,23370,LAUCR0001,Louisiana Commission on Law Enforcement LUCR/LIBRS/LEMIS,N,10,6,"Cities from 2,500 thru 9,999",6,"Cities from 2,500 thru 9,999",N,10,,N,,,,,,,,,2002-01-01,2021-03-01,2021-01-01,2021-01-01,2021-01-01,2021-01-01,N,ST MARY,Not Specified,Y,Y,Y
73522022,7352,2022,LA0510300,LA0510300,,N,N,,I,MORGAN CITY,MORGAN CITY PD,Morgan City,,A,22,Louisiana,LA,LA,7,West South Central,3,South,Region III,City,10909,23370,LAUCR0001,Louisiana Commission on Law Enforcement LUCR/LIBRS/LEMIS,N,9,5,"Cities from 10,000 thru 24,999",5,"Cities from 10,000 thru 24,999",N,9,,Y,29,2,31,14,2,16,3.9,4.3,2002-01-01,2021-01-01,2021-01-01,2021-01-01,2021-01-01,2021-01-01,N,ST MARY,Not Specified,Y,Y,Y
73532022,7353,2022,LA0510400,LA0510400,,N,N,,I,PATTERSON,PATTERSON PD,Patterson,,A,22,Louisiana,LA,LA,7,West South Central,3,South,Region III,City,5681,23370,LAUCR0001,Louisiana Commission on Law Enforcement LUCR/LIBRS/LEMIS,N,10,6,"Cities from 2,500 thru 9,999",6,"Cities from 2,500 thru 9,999",N,10,,Y,14,0,14,11,0,11,4.4,4.4,2002-01-01,2021-01-01,2021-01-01,2021-01-01,2021-01-01,2021-01-01,N,ST MARY,Not Specified,Y,Y,Y
73552022,7355,2022,LA0510600,LA0510600,,Y,N,,I,CHITIMACHA TRIBAL,CHITIMACHA POLICE DEPARTMENT CHARENTON,Chitimacha Tribal,,A,22,Louisiana,LA,LA,7,West South Central,3,South,Region III,Tribal,0,32658,LA0510600,Chitimacha Tribal,N,11,7,"Cities under 2,500",7,"Cities under 2,500",N,11,,Y,5,0,5,6,2,8,0,0,2020-12-01,2020-12-01,2020-12-01,2021-02-01,2021-02-01,2021-02-01,N,NOT SPECIFIED,Not Specified,Y,Y,Y
73562022,7356,2022,LA0520000,LA0520000,,N,N,,I,ST. TAMMANY,ST TAMMANY CO SO COVINGTON,St. Tammany,,A,22,Louisiana,LA,LA,7,West South Central,3,South,Region III,County,216506,23370,LAUCR0001,Louisiana Commission on Law Enforcement LUCR/LIBRS/LEMIS,Y,19,9A,"MSA counties 100,000 or over",9,MSA Counties,Y,19,,Y,415,8,423,216,11,227,2.9,3.0,2002-01-01,2019-01-01,2021-01-01,2021-01-01,2021-01-01,2021-01-01,N,ST TAMMANY,"New Orleans-Metairie, LA",Y,Y,Y
73572022,7357,2022,LA0520100,LA0520100,,N,N,,I,COVINGTON,COVINGTON PD,Covington,,A,22,Louisiana,LA,LA,7,West South Central,3,South,Region III,City,11543,23370,LAUCR0001,Louisiana Commission on Law Enforcement LUCR/LIBRS/LEMIS,Y,9,5,"Cities from 10,000 thru 24,999",5,"Cities from 10,000 thru 24,999",N,9,,N,,,,,,,,,2002-01-01,2022-01-01,2022-01-01,2022-01-01,2022-01-01,2022-01-01,N,ST TAMMANY,"New Orleans-Metairie, LA",Y,Y,Y
73582022,7358,2022,LA0520200,LA0520200,,N,N,,I,SLIDELL,SLIDELL PD,Slidell,,A,22,Louisiana,LA,LA,7,West South Central,3,South,Region III,City,28686,23370,LAUCR0001,Louisiana Commission on Law Enforcement LUCR/LIBRS/LEMIS,Y,8,4,"Cities from 25,000 thru 49,999",4,"Cities from 25,000 thru 49,999",N,8,,N,,,,,,,,,2002-01-01,2021-01-01,2021-01-01,2021-01-01,2021-01-01,2021-01-01,N,ST TAMMANY,"New Orleans-Metairie, LA",Y,Y,Y
73592022,7359,2022,LA0520300,LA0520300,,N,N,,I,MANDEVILLE,MANDEVILLE PD,Mandeville,,A,22,Louisiana,LA,LA,7,West South Central,3,South,Region III,City,13245,23370,LAUCR0001,Louisiana Commission on Law Enforcement LUCR/LIBRS/LEMIS,Y,9,5,"Cities from 10,000 thru 24,999",5,"Cities from 10,000 thru 24,999",N,9,,Y,35,1,36,4,11,15,2.9,3.9,2002-01-01,2021-01-01,2021-01-01,2021-01-01,2021-01-01,2021-01-01,N,ST TAMMANY,"New Orleans-Metairie, LA",Y,Y,Y
73602022,7360,2022,LA0520500,LA0520500,,N,N,,I,PEARL RIVER,PEARL RIVER PD,Pearl River,,A,22,Louisiana,LA,LA,7,West South Central,3,South,Region III,City,2680,23370,LAUCR0001,Louisiana Commission on Law Enforcement LUCR/LIBRS/LEMIS,Y,10,6,"Cities from 2,500 thru 9,999",6,"Cities from 2,500 thru 9,999",N,10,,N,,,,,,,,,2002-01-01,2021-01-01,2021-01-01,2021-01-01,2021-01-01,2021-01-01,N,ST TAMMANY,"New Orleans-Metairie, LA",Y,Y,Y
73632022,7363,2022,LA0530000,LA0530000,,N,N,,I,TANGIPAHOA,TANGIPAHOA CO SO AMITE,Tangipahoa,,A,22,Louisiana,LA,LA,7,West South Central,3,South,Region III,County,98155,23370,LAUCR0001,Louisiana Commission on Law Enforcement LUCR/LIBRS/LEMIS,Y,20,9B,"MSA counties from 25,000 thru 99,999",9,MSA Counties,N,20,,N,,,,,,,,,2002-01-01,2021-01-01,2021-01-01,2021-01-01,2021-01-01,2021-01-01,N,TANGIPAHOA,"Hammond, LA",Y,Y,Y
73642022,7364,2022,LA0530100,LA0530100,,N,N,,I,HAMMOND,HAMMOND PD,Hammond,,A,22,Louisiana,LA,LA,7,West South Central,3,South,Region III,City,20847,23370,LAUCR0001,Louisiana Commission on Law Enforcement LUCR/LIBRS/LEMIS,N,9,5,"Cities from 10,000 thru 24,999",5,"Cities from 10,000 thru 24,999",N,9,,N,,,,,,,,,2002-01-01,2021-01-01,2021-01-01,2021-01-01,2021-01-01,2021-01-01,N,TANGIPAHOA,"Hammond, LA",Y,Y,Y
73662022,7366,2022,LA0530300,LA0530300,,N,N,,I,PONCHATOULA,PONCHATOULA PD,Ponchatoula,,A,22,Louisiana,LA,LA,7,West South Central,3,South,Region III,City,7977,23370,LAUCR0001,Louisiana Commission on Law Enforcement LUCR/LIBRS/LEMIS,Y,10,6,"Cities from 2,500 thru 9,999",6,"Cities from 2,500 thru 9,999",N,10,,N,,,,,,,,,2002-01-01,2021-01-01,2021-01-01,2021-01-01,2021-01-01,2021-01-01,N,TANGIPAHOA,"Hammond, LA",Y,Y,Y
73682022,7368,2022,LA0530500,LA0530500,,N,N,,I,INDEPENDENCE,INDEPENDENCE PD,Independence,,A,22,Louisiana,LA,LA,7,West South Central,3,South,Region III,City,1666,23370,LAUCR0001,Louisiana Commission on Law Enforcement LUCR/LIBRS/LEMIS,Y,11,7,"Cities under 2,500",7,"Cities under 2,500",N,11,,Y,5,0,5,3,0,3,4.8,4.8,2002-01-01,2022-07-01,2022-07-01,2022-07-01,2022-07-01,2022-07-01,N,TANGIPAHOA,"Hammond, LA",Y,Y,Y
73712022,7371,2022,LA0540000,LA0540000,,N,N,,I,TENSAS,TENSAS CO SO ST JOSEPH,Tensas,,A,22,Louisiana,LA,LA,7,West South Central,3,South,Region III,County,3964,23370,LAUCR0001,Louisiana Commission on Law Enforcement LUCR/LIBRS/LEMIS,N,16,8D,"Non-MSA counties under 10,000",8,Non-MSA Counties,N,16,,N,,,,,,,,,2002-01-01,2009-01-01,2009-01-01,2019-01-01,2019-01-01,2019-01-01,N,TENSAS,Not Specified,Y,Y,Y
73752022,7375,2022,LA0550000,LA0550000,,N,N,,I,TERREBONNE,TERREBONNE CO SO HOUMA,Terrebonne,,A,22,Louisiana,LA,LA,7,West South Central,3,South,Region III,County,75153,23370,LAUCR0001,Louisiana Commission on Law Enforcement LUCR/LIBRS/LEMIS,Y,20,9B,"MSA counties from 25,000 thru 99,999",9,MSA Counties,N,20,,Y,179,29,208,74,31,105,3.4,4.2,2002-01-01,2020-09-01,2020-09-01,2020-09-01,2020-09-01,2020-09-01,N,TERREBONNE,"Houma-Thibodaux, LA",Y,Y,Y
73762022,7376,2022,LA0550100,LA0550100,,N,N,,I,HOUMA,HOUMA PD,Houma,,A,22,Louisiana,LA,LA,7,West South Central,3,South,Region III,City,32762,23370,LAUCR0001,Louisiana Commission on Law Enforcement LUCR/LIBRS/LEMIS,N,8,4,"Cities from 25,000 thru 49,999",4,"Cities from 25,000 thru 49,999",N,8,,Y,72,0,72,12,18,30,2.6,3.1,2002-01-01,2020-11-01,2020-11-01,2020-11-01,2020-11-01,2020-11-01,N,TERREBONNE,"Houma-Thibodaux, LA",Y,Y,Y
73792022,7379,2022,LA0560200,LA0560200,,N,N,,I,BERNICE,BERNICE PD,Bernice,,A,22,Louisiana,LA,LA,7,West South Central,3,South,Region III,City,1328,23370,LAUCR0001,Louisiana Commission on Law Enforcement LUCR/LIBRS/LEMIS,Y,11,7,"Cities under 2,500",7,"Cities under 2,500",N,11,,N,,,,,,,,,2002-01-01,2005-01-01,2005-01-01,2021-08-01,2021-08-01,2021-08-01,N,UNION,"Monroe, LA",Y,Y,Y
73802022,7380,2022,LA0560400,LA0560400,,N,N,,I,MARION,MARION PD,Marion,,A,22,Louisiana,LA,LA,7,West South Central,3,South,Region III,City,619,23370,LAUCR0001,Louisiana Commission on Law Enforcement LUCR/LIBRS/LEMIS,Y,11,7,"Cities under 2,500",7,"Cities under 2,500",N,11,,N,,,,,,,,,2002-01-01,2020-09-01,2020-09-01,2021-09-01,2021-09-01,2021-09-01,N,UNION,"Monroe, LA",Y,Y,Y
73812022,7381,2022,LA0570000,LA0570000,,N,N,,I,VERMILION,VERMILION COUNTY SHERIFFS OFFICE ABBEVILLE,Vermilion,,A,22,Louisiana,LA,LA,7,West South Central,3,South,Region III,County,37355,23370,LAUCR0001,Louisiana Commission on Law Enforcement LUCR/LIBRS/LEMIS,Y,20,9B,"MSA counties from 25,000 thru 99,999",9,MSA Counties,N,20,,Y,95,4,99,15,20,35,2.9,3.6,2002-01-01,2021-01-01,2021-01-01,2021-01-01,2021-01-01,2021-01-01,N,VERMILION,"Lafayette, LA",Y,Y,Y
73822022,7382,2022,LA0570100,LA0570100,,N,N,,I,ABBEVILLE,ABBEVILLE PD,Abbeville,,A,22,Louisiana,LA,LA,7,West South Central,3,South,Region III,City,10968,23370,LAUCR0001,Louisiana Commission on Law Enforcement LUCR/LIBRS/LEMIS,Y,9,5,"Cities from 10,000 thru 24,999",5,"Cities from 10,000 thru 24,999",N,9,,Y,15,1,16,5,4,9,1.8,2.3,2002-01-01,2020-12-01,2021-01-01,2021-01-01,2021-01-01,2021-01-01,N,VERMILION,"Lafayette, LA",Y,Y,Y
73852022,7385,2022,LA0570400,LA0570400,,N,N,,I,ERATH,ERATH PD,Erath,,A,22,Louisiana,LA,LA,7,West South Central,3,South,Region III,City,2002,23370,LAUCR0001,Louisiana Commission on Law Enforcement LUCR/LIBRS/LEMIS,Y,11,7,"Cities under 2,500",7,"Cities under 2,500",N,11,,Y,7,0,7,1,4,5,4.0,6.0,2002-01-01,2020-04-01,2020-04-01,2020-04-01,2020-04-01,2020-04-01,N,VERMILION,"Lafayette, LA",Y,Y,Y
73912022,7391,2022,LA0590000,LA0590000,,N,N,,I,WASHINGTON,WASHINGTON CO SO FRANKLINTON,Washington,,A,22,Louisiana,LA,LA,7,West South Central,3,South,Region III,County,30802,23370,LAUCR0001,Louisiana Commission on Law Enforcement LUCR/LIBRS/LEMIS,N,14,8B,"Non-MSA counties from 25,000 thru 99,999",8,Non-MSA Counties,N,14,,Y,52,0,52,14,13,27,2.1,2.6,2002-01-01,2021-01-01,2021-01-01,2021-01-01,2021-01-01,2021-01-01,N,WASHINGTON,Not Specified,Y,Y,Y
73922022,7392,2022,LA0590100,LA0590100,,N,N,,I,BOGALUSA,BOGALUSA PD,Bogalusa,,A,22,Louisiana,LA,LA,7,West South Central,3,South,Region III,City,10461,23370,LAUCR0001,Louisiana Commission on Law Enforcement LUCR/LIBRS/LEMIS,N,9,5,"Cities from 10,000 thru 24,999",5,"Cities from 10,000 thru 24,999",N,9,,N,,,,,,,,,2002-01-01,2007-12-01,2021-01-01,2021-01-01,2021-01-01,2021-01-01,N,WASHINGTON,Not Specified,Y,Y,Y
73942022,7394,2022,LA0600000,LA0600000,,N,N,,I,WEBSTER,WEBSTER CO SO MINDEN,Webster,,A,22,Louisiana,LA,LA,7,West South Central,3,South,Region III,County,17120,23370,LAUCR0001,Louisiana Commission on Law Enforcement LUCR/LIBRS/LEMIS,N,15,8C,"Non-MSA counties from 10,000 thru 24,999",8,Non-MSA Counties,N,15,,Y,14,0,14,5,0,5,1.1,1.1,2002-01-01,2021-01-01,2021-01-01,2021-01-01,2021-01-01,2021-01-01,N,WEBSTER,Not Specified,Y,Y,Y
73962022,7396,2022,LA0600200,LA0600200,,N,N,,I,SPRINGHILL,SPRINGHILL PD,Springhill,,A,22,Louisiana,LA,LA,7,West South Central,3,South,Region III,City,4597,23370,LAUCR0001,Louisiana Commission on Law Enforcement LUCR/LIBRS/LEMIS,N,10,6,"Cities from 2,500 thru 9,999",6,"Cities from 2,500 thru 9,999",N,10,,N,,,,,,,,,2002-01-01,2020-08-01,2020-08-01,2020-08-01,2020-08-01,2020-08-01,N,WEBSTER,Not Specified,Y,Y,Y
73982022,7398,2022,LA0600800,LA0600800,,N,N,,I,DIXIE INN,DIXIE INN PD MINDEN,Dixie Inn,,A,22,Louisiana,LA,LA,7,West South Central,3,South,Region III,City,278,23370,LAUCR0001,Louisiana Commission on Law Enforcement LUCR/LIBRS/LEMIS,N,11,7,"Cities under 2,500",7,"Cities under 2,500",N,11,,N,,,,,,,,,2002-01-01,2020-01-01,2020-01-01,2020-01-01,2020-01-01,2020-01-01,N,WEBSTER,Not Specified,Y,Y,Y
73992022,7399,2022,LA0610000,LA0610000,,N,N,,I,WEST BATON ROUGE,WEST BATON ROUGE CO SO PORT ALLEN,West Baton Rouge,,A,22,Louisiana,LA,LA,7,West South Central,3,South,Region III,County,13290,23370,LAUCR0001,Louisiana Commission on Law Enforcement LUCR/LIBRS/LEMIS,Y,21,9C,"MSA counties from 10,000 thru 24,999",9,MSA Counties,N,21,,N,,,,,,,,,2002-01-01,2018-08-01,2018-08-01,2020-11-01,2020-11-01,2020-11-01,N,WEST BATON ROUGE,"Baton Rouge, LA",Y,Y,Y
74002022,7400,2022,LA0610100,LA0610100,,N,N,,I,PORT ALLEN,PORT ALLEN PD,Port Allen,,A,22,Louisiana,LA,LA,7,West South Central,3,South,Region III,City,4984,23370,LAUCR0001,Louisiana Commission on Law Enforcement LUCR/LIBRS/LEMIS,Y,10,6,"Cities from 2,500 thru 9,999",6,"Cities from 2,500 thru 9,999",N,10,,Y,14,0,14,1,1,2,3.0,3.2,2002-01-01,2007-01-01,2007-01-01,2019-01-01,2019-01-01,2019-01-01,N,WEST BATON ROUGE,"Baton Rouge, LA",Y,Y,Y
74012022,7401,2022,LA0610200,LA0610200,,N,N,,I,BRUSLY,BRUSLEY PD,Brusly,,A,22,Louisiana,LA,LA,7,West South Central,3,South,Region III,City,2598,23370,LAUCR0001,Louisiana Commission on Law Enforcement LUCR/LIBRS/LEMIS,Y,10,6,"Cities from 2,500 thru 9,999",6,"Cities from 2,500 thru 9,999",N,10,,Y,6,0,6,1,0,1,2.7,2.7,2002-01-01,2021-01-01,2021-01-01,2021-01-01,2021-01-01,2021-01-01,N,WEST BATON ROUGE,"Baton Rouge, LA",Y,Y,Y
74022022,7402,2022,LA0610300,LA0610300,,N,N,,I,ADDIS,ADDIS PD,Addis,,A,22,Louisiana,LA,LA,7,West South Central,3,South,Region III,City,7438,23370,LAUCR0001,Louisiana Commission on Law Enforcement LUCR/LIBRS/LEMIS,Y,10,6,"Cities from 2,500 thru 9,999",6,"Cities from 2,500 thru 9,999",N,10,,Y,14,0,14,0,1,1,1.9,2.0,2002-01-01,2021-01-01,2021-01-01,2021-01-01,2021-01-01,2021-01-01,N,WEST BATON ROUGE,"Baton Rouge, LA",Y,Y,Y
74032022,7403,2022,LA0620000,LA0620000,,N,N,,I,WEST CARROLL,WEST CARROLL CO SO OAK GROVE,West Carroll,,A,22,Louisiana,LA,LA,7,West South Central,3,South,Region III,County,7561,23370,LAUCR0001,Louisiana Commission on Law Enforcement LUCR/LIBRS/LEMIS,N,16,8D,"Non-MSA counties under 10,000",8,Non-MSA Counties,N,16,,Y,8,4,12,1,5,6,1.2,2.4,2002-01-01,2021-01-01,2021-01-01,2021-01-01,2021-01-01,2021-01-01,N,WEST CARROLL,Not Specified,Y,Y,Y
74052022,7405,2022,LA0620200,LA0620200,,N,N,,I,EPPS,EPPS PD,Epps,,A,22,Louisiana,LA,LA,7,West South Central,3,South,Region III,City,338,23370,LAUCR0001,Louisiana Commission on Law Enforcement LUCR/LIBRS/LEMIS,N,11,7,"Cities under 2,500",7,"Cities under 2,500",N,11,,N,,,,,,,,,2002-01-01,2021-01-01,2021-01-01,2021-01-01,2021-01-01,2021-01-01,N,WEST CARROLL,Not Specified,Y,Y,Y
74062022,7406,2022,LA0630000,LA0630000,,N,N,,I,WEST FELICIANA,WEST FELICIANA CO SHERIFF'S OFFICE,West Feliciana,,A,22,Louisiana,LA,LA,7,West South Central,3,South,Region III,County,15709,23370,LAUCR0001,Louisiana Commission on Law Enforcement LUCR/LIBRS/LEMIS,Y,21,9C,"MSA counties from 10,000 thru 24,999",9,MSA Counties,N,21,,Y,24,30,54,5,24,29,1.8,5.3,2002-01-01,2021-01-01,2021-01-01,2021-01-01,2021-01-01,2021-01-01,N,WEST FELICIANA,"Baton Rouge, LA",Y,Y,Y
74082022,7408,2022,LA0640000,LA0640000,,N,N,,I,WINN,WINN CO SO WINNFIELD,Winn,,A,22,Louisiana,LA,LA,7,West South Central,3,South,Region III,County,9330,23370,LAUCR0001,Louisiana Commission on Law Enforcement LUCR/LIBRS/LEMIS,N,16,8D,"Non-MSA counties under 10,000",8,Non-MSA Counties,N,16,,N,,,,,,,,,2002-01-01,2019-03-01,2021-01-01,2021-01-01,2021-01-01,2021-01-01,N,WINN,Not Specified,Y,Y,Y
74102022,7410,2022,LADI00500,LADI00500,,Y,N,,I,TUNICA-BILOXI TRIBAL,TUNICA BILOXI TRIBAL POLICE,Tunica-Biloxi Tribal,,A,22,Louisiana,LA,LA,7,West South Central,3,South,Region III,Tribal,0,32154,LADI00500,Tunica-Biloxi Tribal,N,11,7,"Cities under 2,500",7,"Cities under 2,500",N,11,,Y,11,0,11,2,1,3,0,0,2020-11-01,2020-11-01,2020-11-01,2020-11-01,2020-11-01,2020-11-01,N,NOT SPECIFIED,Not Specified,Y,Y,Y
74112022,7411,2022,LADI00600,LADI00600,,Y,N,,I,COUSHATTA TRIBAL,COUSHATTA TRIBAL POLICE DEPARTMENT,Coushatta Tribal,,A,22,Louisiana,LA,LA,7,West South Central,3,South,Region III,Tribal,0,32624,LADI00600,Coushatta Tribal,N,11,7,"Cities under 2,500",7,"Cities under 2,500",N,11,,Y,14,0,14,2,7,9,0,0,2021-01-01,2021-01-01,2021-01-01,2021-02-01,2021-02-01,2021-02-01,N,NOT SPECIFIED,Not Specified,Y,Y,Y
252732022,25273,2022,LA0460200,LA0460200,,N,N,,I,MONTPELIER,MONTPELIER,Montpelier,,A,22,Louisiana,LA,LA,7,West South Central,3,South,Region III,City,201,23370,LAUCR0001,Louisiana Commission on Law Enforcement LUCR/LIBRS/LEMIS,Y,11,7,"Cities under 2,500",7,"Cities under 2,500",N,11,,N,,,,,,,,,2002-01-01,2021-01-01,2021-01-01,2021-01-01,2021-01-01,2021-01-01,N,ST HELENA,"Baton Rouge, LA",Y,Y,Y
253362022,25336,2022,LA0090800,LA0090800,,N,N,,I,IDA,,Ida,,A,22,Louisiana,LA,LA,7,West South Central,3,South,Region III,City,212,23370,LAUCR0001,Louisiana Commission on Law Enforcement LUCR/LIBRS/LEMIS,Y,11,7,"Cities under 2,500",7,"Cities under 2,500",N,11,,Y,1,0,1,0,0,0,4.7,4.7,2002-01-01,2020-09-01,2020-09-01,2020-09-01,2020-09-01,2020-09-01,N,CADDO,"Shreveport-Bossier City, LA",Y,Y,Y
254202022,25420,2022,LA0600700,LA0600700,,N,N,,I,SIBLEY,,Sibley,,A,22,Louisiana,LA,LA,7,West South Central,3,South,Region III,City,1064,23370,LAUCR0001,Louisiana Commission on Law Enforcement LUCR/LIBRS/LEMIS,N,11,7,"Cities under 2,500",7,"Cities under 2,500",N,11,,N,,,,,,,,,2002-01-01,2020-09-01,2020-09-01,2021-09-01,2021-09-01,2021-09-01,N,WEBSTER,Not Specified,Y,Y,Y
256572022,25657,2022,LA0320200,LA0320200,,N,N,,I,LIVINGSTON,,Livingston,,A,22,Louisiana,LA,LA,7,West South Central,3,South,Region III,City,1946,23370,LAUCR0001,Louisiana Commission on Law Enforcement LUCR/LIBRS/LEMIS,Y,11,7,"Cities under 2,500",7,"Cities under 2,500",N,11,,N,,,,,,,,,2002-01-01,2022-01-01,2022-01-01,2022-01-01,2022-01-01,2022-01-01,N,LIVINGSTON,"Baton Rouge, LA",Y,Y,Y
328942022,32894,2022,LA0050800,LA0050800,,N,N,,I,EVERGREEN,,Evergreen,,A,22,Louisiana,LA,LA,7,West South Central,3,South,Region III,City,207,23370,LAUCR0001,Louisiana Commission on Law Enforcement LUCR/LIBRS/LEMIS,N,11,7,"Cities under 2,500",7,"Cities under 2,500",N,11,,Y,1,0,1,0,0,0,4.8,4.8,2002-01-01,2020-03-01,2020-03-01,2021-10-01,2021-10-01,2021-10-01,N,AVOYELLES,Not Specified,Y,Y,Y
329142022,32914,2022,LA0600900,LA0600900,,N,N,,I,HEFLIN,,Heflin,,A,22,Louisiana,LA,LA,7,West South Central,3,South,Region III,City,204,23370,LAUCR0001,Louisiana Commission on Law Enforcement LUCR/LIBRS/LEMIS,N,11,7,"Cities under 2,500",7,"Cities under 2,500",N,11,,N,,,,,,,,,2002-01-01,2020-01-01,2020-01-01,2020-01-01,2020-01-01,2020-01-01,N,WEBSTER,Not Specified,Y,Y,Y
329742022,32974,2022,LA0080300,LA0080300,,N,N,,I,PLAIN DEALING,,Plain Dealing,,A,22,Louisiana,LA,LA,7,West South Central,3,South,Region III,City,888,23370,LAUCR0001,Louisiana Commission on Law Enforcement LUCR/LIBRS/LEMIS,Y,11,7,"Cities under 2,500",7,"Cities under 2,500",N,11,,Y,1,0,1,1,4,5,2.3,6.8,2002-01-01,2020-11-01,2020-06-01,2020-06-01,2020-06-01,2020-06-01,N,BOSSIER,"Shreveport-Bossier City, LA",Y,Y,Y
337642022,33764,2022,LA0200600,LA0200600,,N,N,,I,CHATAIGNIER,,Chataignier,,A,22,Louisiana,LA,LA,7,West South Central,3,South,Region III,City,262,23370,LAUCR0001,Louisiana Commission on Law Enforcement LUCR/LIBRS/LEMIS,N,11,7,"Cities under 2,500",7,"Cities under 2,500",N,11,,Y,5,0,5,0,1,1,19.1,22.9,2002-01-01,2022-02-01,2022-02-01,2022-02-01,2022-02-01,2022-02-01,N,EVANGELINE,Not Specified,Y,Y,Y
337662022,33766,2022,LA0260600,LA0260600,,N,N,,I,JEAN LAFITTE,,Jean Lafitte,,A,22,Louisiana,LA,LA,7,West South Central,3,South,Region III,City,1788,23370,LAUCR0001,Louisiana Commission on Law Enforcement LUCR/LIBRS/LEMIS,Y,11,7,"Cities under 2,500",7,"Cities under 2,500",N,11,,N,,,,,,,,,2002-01-01,2022-02-01,2022-02-01,2022-02-01,2022-02-01,2022-02-01,N,JEFFERSON,"New Orleans-Metairie, LA",Y,Y,Y
337682022,33768,2022,LA0310500,LA0310500,,N,N,,I,SIMSBORO,,Simsboro,,A,22,Louisiana,LA,LA,7,West South Central,3,South,Region III,City,787,23370,LAUCR0001,Louisiana Commission on Law Enforcement LUCR/LIBRS/LEMIS,N,11,7,"Cities under 2,500",7,"Cities under 2,500",N,11,,N,,,,,,,,,2002-01-01,2022-03-01,2022-03-01,2022-03-01,2022-03-01,2022-03-01,N,LINCOLN,Not Specified,Y,Y,Y
